{"mean":{"confidence_interval":{"confidence_level":0.95,"lower_bound":0.12606588445685254,"upper_bound":0.14059819381764865},"point_estimate":0.1328919653053966,"standard_error":0.0037091544303930763},"median":{"confidence_interval":{"confidence_level":0.95,"lower_bound":0.12979822842022948,"upper_bound":0.13904653793560184},"point_estimate":0.13447294183676473,"standard_error":0.002307704840156969}}