{"mean":{"confidence_interval":{"confidence_level":0.95,"lower_bound":1037349634.1,"upper_bound":1069023639.17},"point_estimate":1051258942.87,"standard_error":8146642.527419827},"median":{"confidence_interval":{"confidence_level":0.95,"lower_bound":1018295958.0,"upper_bound":1043965208.0},"point_estimate":1028907521.0,"standard_error":5671426.41306851},"median_abs_dev":{"confidence_interval":{"confidence_level":0.95,"lower_bound":29631706.38643205,"upper_bound":57901304.44034636},"point_estimate":44841082.01351166,"standard_error":6837529.612239894},"slope":null,"std_dev":{"confidence_interval":{"confidence_level":0.95,"lower_bound":42784627.31498294,"upper_bound":123060606.5421569},"point_estimate":82041329.782684,"standard_error":24139359.565469787}}