{"mean":{"confidence_interval":{"confidence_level":0.95,"lower_bound":-0.0023973034068821724,"upper_bound":0.005315702486107726},"point_estimate":0.0013798672777798338,"standard_error":0.0019402564605990864},"median":{"confidence_interval":{"confidence_level":0.95,"lower_bound":-0.0024830460295499623,"upper_bound":0.012395691056856117},"point_estimate":-0.0001370407538857643,"standard_error":0.003457677571334485}}