{"mean":{"confidence_interval":{"confidence_level":0.95,"lower_bound":114396672.09,"upper_bound":118751944.07925},"point_estimate":116412765.82,"standard_error":1116050.786557978},"median":{"confidence_interval":{"confidence_level":0.95,"lower_bound":111973166.5,"upper_bound":117841396.0},"point_estimate":113259021.0,"standard_error":1502768.9604542616},"median_abs_dev":{"confidence_interval":{"confidence_level":0.95,"lower_bound":6121409.179723263,"upper_bound":9361845.657894015},"point_estimate":8231766.445156932,"standard_error":795273.221200308},"slope":null,"std_dev":{"confidence_interval":{"confidence_level":0.95,"lower_bound":7055934.141099528,"upper_bound":15065209.987703374},"point_estimate":11200344.084819304,"standard_error":2075025.776212049}}