{"mean":{"confidence_interval":{"confidence_level":0.95,"lower_bound":0.07288733266518559,"upper_bound":0.11569212604465465},"point_estimate":0.09261355983590658,"standard_error":0.011552909454914854},"median":{"confidence_interval":{"confidence_level":0.95,"lower_bound":0.04594365694989677,"upper_bound":0.10411201959434035},"point_estimate":0.06056730194145277,"standard_error":0.014787222131016135}}