{"mean":{"confidence_interval":{"confidence_level":0.95,"lower_bound":1057122674.27175,"upper_bound":1078172389.28125},"point_estimate":1067302560.85,"standard_error":5395549.296199511},"median":{"confidence_interval":{"confidence_level":0.95,"lower_bound":1032491875.0,"upper_bound":1066177875.0},"point_estimate":1044593499.5,"standard_error":8507655.550902985},"median_abs_dev":{"confidence_interval":{"confidence_level":0.95,"lower_bound":18860155.006465316,"upper_bound":59054684.564919636},"point_estimate":33517754.36654091,"standard_error":10301798.59528829},"slope":null,"std_dev":{"confidence_interval":{"confidence_level":0.95,"lower_bound":43670747.300790206,"upper_bound":64128613.14943328},"point_estimate":54112760.51648395,"standard_error":5266707.259558435}}