{"mean":{"confidence_interval":{"confidence_level":0.95,"lower_bound":-0.005894036552276418,"upper_bound":0.0015450278338414243},"point_estimate":-0.0018806818320172836,"standard_error":0.0019113616245359857},"median":{"confidence_interval":{"confidence_level":0.95,"lower_bound":-0.010270790914127303,"upper_bound":0.009182950674321066},"point_estimate":-0.002713737233101976,"standard_error":0.0051281961669540875}}