{"mean":{"confidence_interval":{"confidence_level":0.95,"lower_bound":0.03680341111399846,"upper_bound":0.06662362429534859},"point_estimate":0.05158729829079611,"standard_error":0.007901660504242633},"median":{"confidence_interval":{"confidence_level":0.95,"lower_bound":0.018845337461392164,"upper_bound":0.04272111961716374},"point_estimate":0.030612949420926183,"standard_error":0.005284548706444944}}