{"mean":{"confidence_interval":{"confidence_level":0.95,"lower_bound":-0.07075842735615523,"upper_bound":-0.02008457706850979},"point_estimate":-0.04208605994938053,"standard_error":0.01312216762073968},"median":{"confidence_interval":{"confidence_level":0.95,"lower_bound":-0.015961561591389506,"upper_bound":-0.012378327964681746},"point_estimate":-0.013677571221035412,"standard_error":0.0009385037049707414}}