{"mean":{"confidence_interval":{"confidence_level":0.95,"lower_bound":-0.03198567317549909,"upper_bound":-0.022425726811667043},"point_estimate":-0.027269122768255882,"standard_error":0.0024380807914059204},"median":{"confidence_interval":{"confidence_level":0.95,"lower_bound":-0.04362598044853483,"upper_bound":-0.017220116805526153},"point_estimate":-0.02885312349312208,"standard_error":0.0068313479400755875}}